account_id,observation_month,months_to_deterioration,predicted_months_to_deterioration,absolute_error_months
ACC000002,2022-01-31,1.0,1.5754789161055975,0.5754789161055975
ACC000012,2022-01-31,4.0,4.3938489642471765,0.3938489642471765
ACC000012,2022-02-28,3.0,3.5613919120100035,0.5613919120100035
ACC000012,2022-03-31,2.0,2.3843427177071495,0.38434271770714945
ACC000012,2022-04-30,1.0,1.467693368924029,0.467693368924029
ACC000013,2022-01-31,1.0,1.2233360948060383,0.22333609480603833
ACC000013,2022-05-31,1.0,1.1614946908258779,0.16149469082587786
ACC000015,2022-01-31,6.0,5.665083786570312,0.3349162134296879
ACC000015,2022-02-28,5.0,4.6394241719723,0.3605758280276996
ACC000015,2022-03-31,4.0,3.396903978013725,0.6030960219862749
ACC000015,2022-04-30,3.0,2.0702392597215704,0.9297607402784296
ACC000015,2022-05-31,2.0,1.3767538909711146,0.6232461090288854
ACC000015,2022-06-30,1.0,1.101960086979388,0.10196008697938796
ACC000018,2022-04-30,6.0,4.340212114699041,1.6597878853009593
ACC000018,2022-05-31,5.0,3.8683002824336628,1.1316997175663372
ACC000018,2022-06-30,4.0,3.567340775181885,0.4326592248181149
ACC000021,2022-02-28,3.0,1.3965347808232467,1.6034652191767533
ACC000021,2022-03-31,2.0,1.5074892673256035,0.4925107326743965
ACC000021,2022-04-30,1.0,1.6267473202413105,0.6267473202413105
ACC000030,2022-02-28,1.0,1.1896671210965708,0.1896671210965708
ACC000039,2022-05-31,6.0,4.971403443270374,1.0285965567296262
ACC000039,2022-06-30,5.0,3.706880688494658,1.2931193115053419
ACC000041,2022-05-31,6.0,5.138760913377993,0.8612390866220068
ACC000041,2022-06-30,5.0,4.107592567782327,0.8924074322176727
ACC000044,2022-06-30,6.0,5.62579145734124,0.37420854265876
ACC000065,2022-01-31,5.0,3.988713901636937,1.0112860983630632
ACC000065,2022-02-28,4.0,3.420661567097455,0.5793384329025448
ACC000065,2022-03-31,3.0,1.3705987711530303,1.6294012288469697
ACC000065,2022-04-30,2.0,1.1928142465441711,0.8071857534558289
ACC000065,2022-05-31,1.0,1.1041773917244,0.10417739172439999
ACC000068,2022-01-31,1.0,1.6623143419477222,0.6623143419477222
ACC000074,2022-01-31,2.0,1.7616839909962956,0.23831600900370442
ACC000074,2022-02-28,1.0,1.3654628313868422,0.3654628313868422
ACC000074,2022-04-30,1.0,1.1827095401297096,0.18270954012970964
ACC000101,2022-01-31,5.0,4.289522445521209,0.7104775544787909
ACC000101,2022-02-28,4.0,3.4692210886746437,0.5307789113253563
ACC000101,2022-03-31,3.0,2.413443273158191,0.5865567268418088
ACC000101,2022-04-30,2.0,1.9967952025087587,0.0032047974912412514
ACC000101,2022-05-31,1.0,1.0669761964688587,0.06697619646885866
ACC000118,2022-03-31,6.0,3.7765369892570706,2.2234630107429294
ACC000118,2022-04-30,5.0,2.7555818738090405,2.2444181261909595
ACC000118,2022-05-31,4.0,1.4419905174306034,2.5580094825693966
ACC000118,2022-06-30,3.0,1.1596864809573117,1.8403135190426883
ACC000126,2022-01-31,2.0,2.2878322358512935,0.28783223585129347
ACC000126,2022-02-28,1.0,1.131979634371114,0.13197963437111393
ACC000132,2022-01-31,1.0,1.1131607208377854,0.11316072083778539
ACC000138,2022-01-31,1.0,1.3487203599932829,0.3487203599932829
ACC000139,2022-03-31,6.0,4.41657167347963,1.5834283265203704
ACC000139,2022-04-30,5.0,2.7914227386813564,2.2085772613186436
ACC000139,2022-05-31,4.0,1.81307125696168,2.1869287430383197
ACC000139,2022-06-30,3.0,1.20950371301619,1.79049628698381
ACC000150,2022-01-31,1.0,1.5734594716383503,0.5734594716383503
ACC000150,2022-03-31,2.0,2.1647208888529725,0.16472088885297254
ACC000150,2022-04-30,1.0,2.836014918859987,1.8360149188599868
ACC000166,2022-01-31,5.0,4.845883629856039,0.15411637014396096
ACC000166,2022-02-28,4.0,3.7172790962959397,0.28272090370406033
ACC000166,2022-03-31,3.0,2.855092150001442,0.1449078499985581
ACC000166,2022-04-30,2.0,2.105735586090689,0.105735586090689
ACC000166,2022-05-31,1.0,1.2528924537193278,0.2528924537193278
ACC000182,2022-03-31,1.0,1.4274196667844485,0.42741966678444854
ACC000260,2022-01-31,3.0,1.4352723893100567,1.5647276106899433
ACC000260,2022-02-28,2.0,1.1148753836022622,0.8851246163977378
ACC000260,2022-03-31,1.0,1.087202869753513,0.08720286975351299
ACC000260,2022-05-31,1.0,1.162521759575737,0.1625217595757369
ACC000263,2022-01-31,3.0,3.1330082553908927,0.13300825539089267
ACC000263,2022-02-28,2.0,1.8459053698670729,0.15409463013292712
ACC000263,2022-03-31,1.0,1.1020228559749414,0.10202285597494143
ACC000263,2022-06-30,1.0,1.1502550556191746,0.15025505561917463
ACC000274,2022-01-31,3.0,3.088485909518807,0.08848590951880686
ACC000274,2022-02-28,2.0,2.1277359081304392,0.12773590813043922
ACC000274,2022-03-31,1.0,1.1824344041702675,0.18243440417026746
ACC000278,2022-01-31,1.0,1.2732837100251333,0.2732837100251333
ACC000282,2022-02-28,6.0,4.863980474928757,1.1360195250712426
ACC000282,2022-03-31,5.0,4.2896243367497835,0.7103756632502165
ACC000282,2022-04-30,4.0,3.029652667876614,0.970347332123386
ACC000282,2022-05-31,3.0,2.2792939850425276,0.7207060149574724
ACC000282,2022-06-30,2.0,1.3946587494166334,0.6053412505833666
ACC000292,2022-02-28,1.0,4.179137588143801,3.179137588143801
ACC000294,2022-01-31,3.0,2.8844650688228155,0.1155349311771845
ACC000294,2022-02-28,2.0,2.194054272827127,0.19405427282712706
ACC000294,2022-03-31,1.0,1.2614362658948888,0.2614362658948888
ACC000299,2022-04-30,1.0,1.6632276958132475,0.6632276958132475
ACC000313,2022-01-31,4.0,3.0688492309228086,0.9311507690771914
ACC000313,2022-02-28,3.0,1.3714839761649185,1.6285160238350815
ACC000313,2022-03-31,2.0,1.085808832737608,0.9141911672623919
ACC000313,2022-04-30,1.0,1.073416549314998,0.07341654931499808
ACC000324,2022-01-31,4.0,3.3075693093639837,0.6924306906360163
ACC000324,2022-02-28,3.0,2.511298120949033,0.48870187905096696
ACC000324,2022-03-31,2.0,1.3692222450489075,0.6307777549510925
ACC000324,2022-04-30,1.0,1.1062391767435327,0.10623917674353267
ACC000354,2022-06-30,6.0,4.61033828035092,1.3896617196490801
ACC000365,2022-03-31,6.0,4.485235263519072,1.5147647364809282
ACC000365,2022-04-30,5.0,3.3616545015699595,1.6383454984300405
ACC000365,2022-05-31,4.0,2.4533064768730277,1.5466935231269723
ACC000365,2022-06-30,3.0,1.5650597202952474,1.4349402797047526
ACC000404,2022-01-31,4.0,3.393718441353308,0.6062815586466921
ACC000404,2022-02-28,3.0,2.2735684496957362,0.7264315503042638
ACC000404,2022-03-31,2.0,1.366868326342043,0.6331316736579571
ACC000404,2022-04-30,1.0,1.0853853790681263,0.08538537906812627
ACC000417,2022-03-31,6.0,4.540827069819008,1.4591729301809924
ACC000417,2022-04-30,5.0,3.7752277227818567,1.2247722772181433
ACC000417,2022-05-31,4.0,2.952493186300516,1.047506813699484
ACC000417,2022-06-30,3.0,2.303157275881762,0.696842724118238
ACC000419,2022-01-31,5.0,4.0011959431180335,0.9988040568819665
ACC000419,2022-02-28,4.0,3.152986664173288,0.8470133358267118
ACC000419,2022-03-31,3.0,2.718810408687644,0.2811895913123559
ACC000419,2022-04-30,2.0,1.82233251962149,0.1776674803785101
ACC000419,2022-05-31,1.0,1.1252853167973356,0.12528531679733557
ACC000427,2022-01-31,1.0,1.1018497018023967,0.10184970180239672
ACC000427,2022-04-30,1.0,1.1399245807705176,0.13992458077051761
ACC000434,2022-01-31,6.0,5.703337454444195,0.2966625455558054
ACC000434,2022-02-28,5.0,5.0099780908235445,0.009978090823544505
ACC000434,2022-03-31,4.0,3.901205734881611,0.09879426511838885
ACC000434,2022-04-30,3.0,2.5920021721627813,0.4079978278372187
ACC000434,2022-05-31,2.0,1.3608319456534845,0.6391680543465155
ACC000434,2022-06-30,1.0,1.1846974804215709,0.18469748042157086
ACC000441,2022-03-31,6.0,4.700830699988628,1.2991693000113722
ACC000441,2022-04-30,5.0,4.601708602380044,0.398291397619956
ACC000441,2022-05-31,4.0,2.6281343867153324,1.3718656132846676
ACC000441,2022-06-30,3.0,1.9961556120533164,1.0038443879466836
ACC000446,2022-03-31,6.0,4.955386299750668,1.0446137002493323
ACC000446,2022-04-30,5.0,4.141805568749512,0.8581944312504879
ACC000446,2022-05-31,4.0,1.586794236870127,2.4132057631298727
ACC000446,2022-06-30,3.0,1.3542117444013793,1.6457882555986207
ACC000453,2022-01-31,4.0,2.6473268447544394,1.3526731552455606
ACC000453,2022-02-28,3.0,1.8512224416325396,1.1487775583674604
ACC000453,2022-03-31,2.0,1.232746713688489,0.7672532863115109
ACC000453,2022-04-30,1.0,1.1486554708803338,0.14865547088033382
ACC000457,2022-01-31,4.0,3.7051770971185785,0.29482290288142154
ACC000457,2022-02-28,3.0,3.018811544740348,0.018811544740347852
ACC000457,2022-03-31,2.0,1.6593337159637904,0.3406662840362096
ACC000457,2022-04-30,1.0,1.149348215989058,0.149348215989058
ACC000457,2022-06-30,1.0,1.2123349449194787,0.21233494491947869
ACC000458,2022-05-31,6.0,5.123485657773615,0.8765143422263852
ACC000458,2022-06-30,5.0,3.7734150402693674,1.2265849597306326
ACC000461,2022-01-31,6.0,5.5217493566764295,0.4782506433235705
ACC000461,2022-02-28,5.0,5.285029164203412,0.2850291642034124
ACC000461,2022-03-31,4.0,4.310415990863312,0.3104159908633122
ACC000461,2022-04-30,3.0,3.04125404426652,0.04125404426652013
ACC000461,2022-05-31,2.0,1.9325519379257574,0.06744806207424259
ACC000461,2022-06-30,1.0,1.1676166914477306,0.16761669144773061
ACC000467,2022-01-31,4.0,3.7370237244055935,0.2629762755944065
ACC000467,2022-02-28,3.0,2.6660209901449474,0.3339790098550526
ACC000467,2022-03-31,2.0,1.8109812932772726,0.18901870672272736
ACC000467,2022-04-30,1.0,1.115095600183222,0.11509560018322196
ACC000467,2022-06-30,1.0,1.1190462995283328,0.11904629952833279
ACC000473,2022-04-30,6.0,4.334981558024883,1.6650184419751168
ACC000473,2022-05-31,5.0,3.3647431858832597,1.6352568141167403
ACC000473,2022-06-30,4.0,2.408634034993496,1.5913659650065042
ACC000474,2022-01-31,4.0,2.9925356876140192,1.0074643123859808
ACC000474,2022-02-28,3.0,2.198852538250781,0.8011474617492191
ACC000474,2022-03-31,2.0,1.186094519410732,0.813905480589268
ACC000474,2022-04-30,1.0,1.0669516148604647,0.06695161486046475
ACC000478,2022-03-31,6.0,4.564677698465192,1.435322301534808
ACC000478,2022-04-30,5.0,4.01299588886935,0.9870041111306502
ACC000478,2022-05-31,4.0,3.4922163670836244,0.5077836329163756
ACC000478,2022-06-30,3.0,2.0985090489947593,0.9014909510052407
ACC000508,2022-02-28,6.0,5.266282012221826,0.7337179877781743
ACC000508,2022-03-31,5.0,4.582896996314245,0.4171030036857548
ACC000508,2022-04-30,4.0,2.7639996044245145,1.2360003955754855
ACC000508,2022-05-31,3.0,2.1285334340302584,0.8714665659697416
ACC000508,2022-06-30,2.0,1.4111623399873503,0.5888376600126497
ACC000526,2022-01-31,3.0,2.5694764643023285,0.43052353569767154
ACC000526,2022-02-28,2.0,1.7550415352767321,0.24495846472326788
ACC000526,2022-03-31,1.0,1.1626580826345008,0.16265808263450077
ACC000529,2022-06-30,6.0,2.5826245544208715,3.4173754455791285
ACC000543,2022-04-30,6.0,5.292691870378073,0.7073081296219268
ACC000543,2022-05-31,5.0,4.294420650763279,0.7055793492367206
ACC000543,2022-06-30,4.0,3.305679273643945,0.6943207263560551
ACC000548,2022-01-31,4.0,3.1755185701059725,0.8244814298940275
ACC000548,2022-02-28,3.0,2.152504509339731,0.8474954906602692
ACC000548,2022-03-31,2.0,1.1359485825364803,0.8640514174635197
ACC000548,2022-04-30,1.0,1.0528719466295116,0.05287194662951156
ACC000548,2022-06-30,1.0,1.1410100745132956,0.1410100745132956
ACC000553,2022-01-31,6.0,5.204972167830965,0.7950278321690352
ACC000553,2022-02-28,5.0,4.8296124246067915,0.17038757539320848
ACC000553,2022-03-31,4.0,3.7777289735304826,0.22227102646951735
ACC000553,2022-04-30,3.0,2.734144931196351,0.2658550688036492
ACC000553,2022-05-31,2.0,1.1615007321556166,0.8384992678443834
ACC000553,2022-06-30,1.0,1.150434788981727,0.15043478898172702
ACC000577,2022-01-31,1.0,1.9871349579586626,0.9871349579586626
ACC000577,2022-03-31,1.0,1.5839423747672619,0.5839423747672619
ACC000579,2022-01-31,6.0,4.685124836763173,1.3148751632368274
ACC000579,2022-02-28,5.0,3.989388154903691,1.0106118450963089
ACC000579,2022-03-31,4.0,3.1362504141246075,0.8637495858753925
ACC000579,2022-04-30,3.0,2.052110499421653,0.9478895005783472
ACC000579,2022-05-31,2.0,1.1904309188762654,0.8095690811237346
ACC000579,2022-06-30,1.0,1.0957926749476234,0.09579267494762345
ACC000589,2022-01-31,4.0,3.8059734484045253,0.19402655159547466
ACC000589,2022-02-28,3.0,3.401474481362316,0.4014744813623161
ACC000589,2022-03-31,2.0,3.207044745911447,1.207044745911447
ACC000589,2022-04-30,1.0,1.2042571613696877,0.20425716136968775
ACC000589,2022-06-30,2.0,1.1406761355592316,0.8593238644407684
ACC000602,2022-04-30,2.0,1.1910379816928203,0.8089620183071797
ACC000602,2022-05-31,1.0,1.2787456286281942,0.2787456286281942
ACC000605,2022-03-31,6.0,4.704110713721088,1.2958892862789124
ACC000605,2022-04-30,5.0,4.526475833603051,0.47352416639694894
ACC000605,2022-05-31,4.0,2.8884363627306473,1.1115636372693527
ACC000605,2022-06-30,3.0,1.4726446997424403,1.5273553002575597
ACC000615,2022-02-28,3.0,3.499225896289908,0.4992258962899081
ACC000615,2022-03-31,2.0,4.602059031640397,2.6020590316403966
ACC000615,2022-04-30,1.0,4.474246459519678,3.4742464595196783
ACC000619,2022-03-31,6.0,4.423039510884864,1.5769604891151356
ACC000619,2022-04-30,5.0,3.014365996523412,1.985634003476588
ACC000619,2022-05-31,4.0,2.7453298652145186,1.2546701347854814
ACC000619,2022-06-30,3.0,2.081575717434517,0.9184242825654829
ACC000630,2022-01-31,6.0,4.893743026080872,1.1062569739191277
ACC000630,2022-02-28,5.0,4.052212996743063,0.9477870032569369
ACC000630,2022-03-31,4.0,3.3810834325389068,0.6189165674610932
ACC000630,2022-04-30,3.0,2.489874411815073,0.5101255881849269
ACC000630,2022-05-31,2.0,1.2510130028147723,0.7489869971852277
ACC000630,2022-06-30,1.0,1.119661450132073,0.11966145013207297
ACC000639,2022-01-31,5.0,3.958277164625321,1.0417228353746788
ACC000639,2022-02-28,4.0,2.8115302816497407,1.1884697183502593
ACC000639,2022-03-31,3.0,1.4356829586300122,1.5643170413699878
ACC000639,2022-04-30,2.0,1.082038301325831,0.917961698674169
ACC000639,2022-05-31,1.0,1.066580900707992,0.06658090070799205
ACC000652,2022-04-30,6.0,4.724419205069796,1.275580794930204
ACC000652,2022-05-31,5.0,4.052557145307608,0.9474428546923921
ACC000652,2022-06-30,4.0,3.2287771591485797,0.7712228408514203
ACC000658,2022-01-31,4.0,3.8688467862816975,0.13115321371830246
ACC000658,2022-02-28,3.0,3.363371653267385,0.36337165326738496
ACC000658,2022-03-31,2.0,2.4056937340975617,0.4056937340975617
ACC000658,2022-04-30,1.0,1.57964657692544,0.57964657692544
ACC000675,2022-01-31,6.0,4.5582752242096936,1.4417247757903064
ACC000675,2022-02-28,5.0,3.4800986828070317,1.5199013171929683
ACC000675,2022-03-31,4.0,2.5402598709561066,1.4597401290438934
ACC000675,2022-04-30,3.0,1.5760464571962656,1.4239535428037344
ACC000675,2022-05-31,2.0,1.316752608797405,0.6832473912025949
ACC000675,2022-06-30,1.0,1.0789225016729682,0.07892250167296821
ACC000678,2022-01-31,2.0,3.1393744712423515,1.1393744712423515
ACC000678,2022-02-28,1.0,1.523425391518282,0.523425391518282
ACC000682,2022-01-31,1.0,2.194140776636581,1.1941407766365808
ACC000682,2022-05-31,1.0,3.2662118959969706,2.2662118959969706
ACC000710,2022-04-30,6.0,5.787727472035836,0.2122725279641644
ACC000710,2022-05-31,5.0,5.194447197652106,0.1944471976521056
ACC000710,2022-06-30,4.0,3.445010495117701,0.554989504882299
ACC000715,2022-01-31,4.0,4.473507803022517,0.4735078030225166
ACC000715,2022-02-28,3.0,3.374447997277856,0.3744479972778558
ACC000715,2022-03-31,2.0,2.1036320749256427,0.10363207492564275
ACC000715,2022-04-30,1.0,1.507575184087222,0.507575184087222
ACC000719,2022-06-30,6.0,5.703955270164679,0.29604472983532126
ACC000721,2022-01-31,6.0,5.298383846874844,0.7016161531251557
ACC000721,2022-02-28,5.0,4.236651564087308,0.7633484359126923
ACC000721,2022-03-31,4.0,3.0617500624861536,0.9382499375138464
ACC000721,2022-04-30,3.0,1.630544027334702,1.369455972665298
ACC000721,2022-05-31,2.0,1.2054247220732983,0.7945752779267017
ACC000721,2022-06-30,1.0,1.118399442670458,0.11839944267045799
ACC000727,2022-01-31,3.0,2.85881032770069,0.1411896722993098
ACC000727,2022-02-28,2.0,1.296354390499509,0.703645609500491
ACC000727,2022-03-31,1.0,1.111538536791984,0.11153853679198411
ACC000730,2022-01-31,1.0,1.1024755501590535,0.10247555015905352
ACC000735,2022-05-31,6.0,3.8558720077431925,2.1441279922568075
ACC000735,2022-06-30,5.0,3.8139141975181996,1.1860858024818004
ACC000753,2022-02-28,6.0,5.064439585127072,0.9355604148729277
ACC000753,2022-03-31,5.0,4.719399587651363,0.28060041234863675
ACC000753,2022-04-30,4.0,2.7406515969310634,1.2593484030689366
ACC000753,2022-05-31,3.0,2.618565507526839,0.38143449247316097
ACC000753,2022-06-30,2.0,1.2951156877372438,0.7048843122627562
ACC000754,2022-05-31,6.0,4.9964368094069105,1.0035631905930895
ACC000754,2022-06-30,5.0,4.610847875035741,0.38915212496425866
ACC000756,2022-04-30,1.0,1.5807299259904513,0.5807299259904513
ACC000760,2022-01-31,2.0,2.0916078073742628,0.09160780737426277
ACC000760,2022-02-28,1.0,1.1253447908190726,0.12534479081907257
ACC000760,2022-04-30,2.0,1.1181920637246758,0.8818079362753242
ACC000760,2022-05-31,1.0,1.1418881667227596,0.1418881667227596
ACC000764,2022-01-31,5.0,4.446680947907196,0.553319052092804
ACC000764,2022-02-28,4.0,3.581955254680599,0.41804474531940095
ACC000764,2022-03-31,3.0,2.469061056283103,0.530938943716897
ACC000764,2022-04-30,2.0,1.7602874911351027,0.23971250886489726
ACC000764,2022-05-31,1.0,1.1606909263133987,0.16069092631339865
ACC000775,2022-01-31,5.0,5.712450807236329,0.7124508072363289
ACC000775,2022-02-28,4.0,4.809074495828511,0.8090744958285114
ACC000775,2022-03-31,3.0,2.755391971071837,0.2446080289281629
ACC000775,2022-04-30,2.0,1.8117128396217257,0.1882871603782743
ACC000775,2022-05-31,1.0,1.0988193886344606,0.0988193886344606
ACC000780,2022-01-31,1.0,1.2226010529691504,0.22260105296915045
ACC000785,2022-01-31,3.0,4.224101496619447,1.224101496619447
ACC000785,2022-02-28,2.0,2.343316732624139,0.34331673262413887
ACC000785,2022-03-31,1.0,1.1444528034574994,0.14445280345749945
ACC000797,2022-02-28,1.0,3.2923265849576926,2.2923265849576926
ACC000798,2022-01-31,6.0,4.968384620842664,1.0316153791573361
ACC000798,2022-02-28,5.0,4.686171576548657,0.3138284234513433
ACC000798,2022-03-31,4.0,3.982831352108843,0.01716864789115702
ACC000798,2022-04-30,3.0,2.7407164465181744,0.25928355348182563
ACC000798,2022-05-31,2.0,1.3487493567594564,0.6512506432405436
ACC000798,2022-06-30,1.0,1.167986287853592,0.16798628785359204
ACC000801,2022-02-28,6.0,5.621594164784996,0.3784058352150037
ACC000801,2022-03-31,5.0,4.928395532056073,0.07160446794392694
ACC000801,2022-04-30,4.0,3.654819337717066,0.34518066228293387
ACC000801,2022-05-31,3.0,2.251254497964832,0.7487455020351681
ACC000801,2022-06-30,2.0,1.575276475013044,0.4247235249869561
ACC000805,2022-06-30,6.0,5.049706538543988,0.9502934614560123
ACC000821,2022-01-31,6.0,5.650738759681289,0.349261240318711
ACC000821,2022-02-28,5.0,4.639484471734549,0.3605155282654513
ACC000821,2022-03-31,4.0,3.4224868958275056,0.5775131041724944
ACC000821,2022-04-30,3.0,2.5885222730022566,0.41147772699774343
ACC000821,2022-05-31,2.0,1.7036997247476469,0.29630027525235314
ACC000821,2022-06-30,1.0,1.1207602242811552,0.12076022428115518
ACC000838,2022-06-30,6.0,2.8989796475395546,3.1010203524604454
ACC000842,2022-02-28,1.0,1.2345899674562428,0.23458996745624283
ACC000842,2022-04-30,1.0,1.697535139103136,0.6975351391031359
ACC000846,2022-04-30,6.0,2.593946934290221,3.406053065709779
ACC000846,2022-05-31,5.0,1.3613345017940284,3.6386654982059716
ACC000846,2022-06-30,4.0,1.212226207100644,2.787773792899356
ACC000848,2022-05-31,6.0,5.30620966604544,0.6937903339545599
ACC000848,2022-06-30,5.0,4.5649308512537745,0.4350691487462255
ACC000849,2022-01-31,4.0,3.825431218457988,0.17456878154201183
ACC000849,2022-02-28,3.0,2.40187447352518,0.5981255264748202
ACC000849,2022-03-31,2.0,1.8853086436199824,0.1146913563800176
ACC000849,2022-04-30,1.0,1.1503748976485388,0.15037489764853884
ACC000852,2022-06-30,6.0,4.963878514458765,1.0361214855412353
ACC000886,2022-01-31,2.0,2.251565625268854,0.25156562526885384
ACC000886,2022-02-28,1.0,1.3231349648523856,0.3231349648523856
ACC000895,2022-01-31,2.0,2.5588201835992344,0.5588201835992344
ACC000895,2022-02-28,1.0,1.7236366648853132,0.7236366648853132
ACC000916,2022-01-31,5.0,4.890691616185494,0.10930838381450592
ACC000916,2022-02-28,4.0,3.840734728455632,0.15926527154436787
ACC000916,2022-03-31,3.0,3.0241393610830305,0.024139361083030497
ACC000916,2022-04-30,2.0,1.8244790579321304,0.1755209420678696
ACC000916,2022-05-31,1.0,1.1166932279700228,0.1166932279700228
ACC000918,2022-01-31,5.0,5.362071000278115,0.3620710002781147
ACC000918,2022-02-28,4.0,4.381983798118437,0.3819837981184371
ACC000918,2022-03-31,3.0,3.2025262025174204,0.20252620251742037
ACC000918,2022-04-30,2.0,2.6701440378043255,0.6701440378043255
ACC000918,2022-05-31,1.0,1.3624811688119005,0.3624811688119005
ACC000921,2022-01-31,6.0,5.8810528218828,0.11894717811719957
ACC000921,2022-02-28,5.0,5.811522533085126,0.8115225330851263
ACC000921,2022-03-31,4.0,4.239493557043175,0.23949355704317465
ACC000921,2022-04-30,3.0,2.9428186504253055,0.05718134957469445
ACC000921,2022-05-31,2.0,2.0887513551960746,0.08875135519607458
ACC000921,2022-06-30,1.0,1.4688533859273036,0.46885338592730363
ACC000929,2022-01-31,1.0,1.1069792855386695,0.10697928553866953
ACC000929,2022-03-31,1.0,1.0845230758172306,0.08452307581723062
ACC000934,2022-04-30,6.0,5.009478240223433,0.9905217597765672
ACC000934,2022-05-31,5.0,3.8239680880423705,1.1760319119576295
ACC000934,2022-06-30,4.0,2.718032157075179,1.281967842924821
ACC000938,2022-05-31,6.0,4.719723430959003,1.2802765690409972
ACC000938,2022-06-30,5.0,3.970669251560813,1.029330748439187
ACC000945,2022-01-31,4.0,3.5187136409334845,0.4812863590665155
ACC000945,2022-02-28,3.0,2.3736673493495015,0.6263326506504985
ACC000945,2022-03-31,2.0,1.5310492997041771,0.46895070029582286
ACC000945,2022-04-30,1.0,1.1186114802793932,0.11861148027939317
ACC000968,2022-01-31,3.0,1.7394253460275193,1.2605746539724807
ACC000968,2022-02-28,2.0,1.2710674563425597,0.7289325436574403
ACC000968,2022-03-31,1.0,1.1217777411515355,0.1217777411515355
ACC000973,2022-01-31,5.0,4.85147655280671,0.14852344719329036
ACC000973,2022-02-28,4.0,3.4427238789710164,0.5572761210289836
ACC000973,2022-03-31,3.0,2.0864425896897725,0.9135574103102275
ACC000973,2022-04-30,2.0,1.1361077514568736,0.8638922485431264
ACC000973,2022-05-31,1.0,1.068893167209537,0.06889316720953698
ACC000985,2022-03-31,6.0,5.068703793458972,0.9312962065410284
ACC000985,2022-04-30,5.0,3.5288045114455135,1.4711954885544865
ACC000985,2022-05-31,4.0,1.4257046196828669,2.574295380317133
ACC000985,2022-06-30,3.0,1.189566133059266,1.810433866940734
ACC000987,2022-01-31,4.0,4.618322858072407,0.618322858072407
ACC000987,2022-02-28,3.0,3.5534382677279623,0.5534382677279623
ACC000987,2022-03-31,2.0,2.602586464843349,0.6025864648433492
ACC000987,2022-04-30,1.0,1.3652585628167955,0.3652585628167955
ACC000990,2022-01-31,6.0,5.4908570469598565,0.5091429530401435
ACC000990,2022-02-28,5.0,5.0887640703167065,0.08876407031670652
ACC000990,2022-03-31,4.0,3.743616269437925,0.25638373056207486
ACC000990,2022-04-30,3.0,1.747930612935098,1.252069387064902
ACC000990,2022-05-31,2.0,1.4848281033063662,0.5151718966936338
ACC000990,2022-06-30,1.0,1.1773330146802243,0.17733301468022433
ACC000991,2022-01-31,2.0,2.3007811437239742,0.30078114372397424
ACC000991,2022-02-28,1.0,1.1708288832880895,0.17082888328808954
ACC000991,2022-06-30,1.0,3.108597158004577,2.108597158004577
ACC001004,2022-01-31,1.0,1.1731660438495382,0.17316604384953815
ACC001013,2022-01-31,5.0,4.973382626515235,0.026617373484764784
ACC001013,2022-02-28,4.0,4.23051354721062,0.23051354721062012
ACC001013,2022-03-31,3.0,3.448329020705382,0.44832902070538205
ACC001013,2022-04-30,2.0,2.031668214090336,0.03166821409033593
ACC001013,2022-05-31,1.0,1.1517808154195393,0.15178081541953925
ACC001023,2022-01-31,1.0,1.1890653182507789,0.18906531825077888
ACC001032,2022-01-31,1.0,1.3964129232505456,0.39641292325054556
ACC001053,2022-05-31,1.0,1.1465499752326591,0.1465499752326591
ACC001055,2022-05-31,6.0,3.661646095399609,2.338353904600391
ACC001055,2022-06-30,5.0,3.4889039410813316,1.5110960589186684
ACC001057,2022-02-28,2.0,1.22720285388569,0.7727971461143099
ACC001057,2022-03-31,1.0,1.8412847186371415,0.8412847186371415
ACC001057,2022-05-31,1.0,4.116746269017778,3.116746269017778
ACC001068,2022-01-31,1.0,1.2108264387254541,0.21082643872545415
ACC001068,2022-03-31,3.0,1.1567580759129414,1.8432419240870586
ACC001068,2022-04-30,2.0,1.1841130466001921,0.8158869533998079
ACC001068,2022-05-31,1.0,1.188003612875248,0.18800361287524803
ACC001080,2022-01-31,3.0,3.441163345224825,0.44116334522482514
ACC001080,2022-02-28,2.0,2.43592137310367,0.4359213731036702
ACC001080,2022-03-31,1.0,1.12177210640535,0.12177210640535008
ACC001096,2022-05-31,6.0,2.631360922665605,3.368639077334395
ACC001096,2022-06-30,5.0,2.304438316321096,2.695561683678904
ACC001097,2022-05-31,6.0,5.092126381757633,0.907873618242367
ACC001097,2022-06-30,5.0,4.620558608164271,0.3794413918357291
ACC001100,2022-01-31,2.0,1.6141935172610422,0.3858064827389578
ACC001100,2022-02-28,1.0,1.187876225806147,0.18787622580614705
ACC001127,2022-01-31,5.0,4.974796883959839,0.0252031160401609
ACC001127,2022-02-28,4.0,3.561597336570834,0.4384026634291658
ACC001127,2022-03-31,3.0,2.732775437480951,0.2672245625190488
ACC001127,2022-04-30,2.0,1.3990662901486157,0.6009337098513843
ACC001127,2022-05-31,1.0,1.0875009491236316,0.0875009491236316
ACC001172,2022-01-31,1.0,1.0879901371991314,0.0879901371991314
ACC001172,2022-03-31,1.0,1.1519409616258653,0.15194096162586535
ACC001178,2022-01-31,2.0,2.1835792425557914,0.1835792425557914
ACC001178,2022-02-28,1.0,1.4259293672759181,0.4259293672759181
ACC001178,2022-06-30,1.0,1.1280244146423215,0.1280244146423215
ACC001190,2022-04-30,1.0,1.1995614222980875,0.1995614222980875
ACC001195,2022-01-31,6.0,5.111923882350457,0.8880761176495433
ACC001195,2022-02-28,5.0,4.147169585375762,0.852830414624238
ACC001195,2022-03-31,4.0,3.5142565112701982,0.4857434887298018
ACC001195,2022-04-30,3.0,2.621297245894976,0.37870275410502385
ACC001195,2022-05-31,2.0,1.4812739169920763,0.5187260830079237
ACC001195,2022-06-30,1.0,1.11671062237299,0.1167106223729899
ACC001225,2022-03-31,6.0,5.413263980408474,0.5867360195915259
ACC001225,2022-04-30,5.0,3.8813250464055336,1.1186749535944664
ACC001225,2022-05-31,4.0,3.0436507633462697,0.9563492366537303
ACC001225,2022-06-30,3.0,1.9569140360289565,1.0430859639710435
ACC001227,2022-01-31,4.0,4.599658763535533,0.5996587635355333
ACC001227,2022-02-28,3.0,3.442244280405155,0.4422442804051552
ACC001227,2022-03-31,2.0,2.8281363712927354,0.8281363712927354
ACC001227,2022-04-30,1.0,1.7144532005065702,0.7144532005065702
ACC001244,2022-03-31,6.0,4.320322658502693,1.6796773414973067
ACC001244,2022-04-30,5.0,1.8392598775049693,3.1607401224950307
ACC001244,2022-05-31,4.0,1.3969801543257947,2.603019845674205
ACC001244,2022-06-30,3.0,1.145457620537607,1.854542379462393
ACC001258,2022-01-31,2.0,1.2775690957073387,0.7224309042926613
ACC001258,2022-02-28,1.0,1.1238964655382009,0.12389646553820088
ACC001276,2022-01-31,1.0,1.2406763263437923,0.24067632634379232
ACC001277,2022-01-31,2.0,1.1655172224021337,0.8344827775978663
ACC001277,2022-02-28,1.0,1.6902919744114553,0.6902919744114553
ACC001283,2022-04-30,6.0,3.784888690061754,2.215111309938246
ACC001283,2022-05-31,5.0,2.7593566989910374,2.2406433010089626
ACC001283,2022-06-30,4.0,1.591261090860443,2.408738909139557
ACC001284,2022-01-31,5.0,4.98355141112086,0.01644858887913969
ACC001284,2022-02-28,4.0,4.464621961238968,0.4646219612389677
ACC001284,2022-03-31,3.0,3.1889863967506753,0.1889863967506753
ACC001284,2022-04-30,2.0,1.5166004035319187,0.4833995964680813
ACC001284,2022-05-31,1.0,1.2733678240172777,0.27336782401727766
ACC001288,2022-04-30,6.0,5.165396362076359,0.8346036379236406
ACC001288,2022-05-31,5.0,3.980013008126757,1.019986991873243
ACC001288,2022-06-30,4.0,2.6533234941536117,1.3466765058463883
ACC001289,2022-03-31,6.0,4.880966695401811,1.1190333045981893
ACC001289,2022-04-30,5.0,3.9068795207255436,1.0931204792744564
ACC001289,2022-05-31,4.0,1.8900198573200309,2.1099801426799694
ACC001289,2022-06-30,3.0,1.5598678862135078,1.4401321137864922
ACC001294,2022-05-31,6.0,5.515638805736416,0.4843611942635837
ACC001294,2022-06-30,5.0,4.685568029772749,0.31443197022725133
ACC001298,2022-06-30,6.0,5.708388782439528,0.29161121756047237
ACC001314,2022-01-31,3.0,2.9819041170283596,0.018095882971640442
ACC001314,2022-02-28,2.0,1.540545655186216,0.459454344813784
ACC001314,2022-03-31,1.0,1.1870957905389485,0.18709579053894854
ACC001315,2022-01-31,4.0,4.408935168127654,0.4089351681276536
ACC001315,2022-02-28,3.0,3.282724476762995,0.28272447676299484
ACC001315,2022-03-31,2.0,2.9218271748895317,0.9218271748895317
ACC001315,2022-04-30,1.0,2.2930152914481203,1.2930152914481203
ACC001326,2022-02-28,6.0,4.143083141994074,1.8569168580059259
ACC001326,2022-03-31,5.0,4.106324713021152,0.8936752869788478
ACC001326,2022-04-30,4.0,3.420921045740593,0.579078954259407
ACC001326,2022-05-31,3.0,2.4122199583510677,0.5877800416489323
ACC001326,2022-06-30,2.0,1.1679698235725626,0.8320301764274374
ACC001329,2022-01-31,6.0,4.935559141620913,1.0644408583790872
ACC001329,2022-02-28,5.0,4.354642361410243,0.6453576385897568
ACC001329,2022-03-31,4.0,3.5583053292581024,0.4416946707418976
ACC001329,2022-04-30,3.0,2.3399247570432458,0.6600752429567542
ACC001329,2022-05-31,2.0,1.328202049543001,0.6717979504569991
ACC001329,2022-06-30,1.0,1.098502829577168,0.09850282957716794
ACC001333,2022-01-31,3.0,2.8416497272313412,0.15835027276865876
ACC001333,2022-02-28,2.0,1.7550308255935516,0.2449691744064484
ACC001333,2022-03-31,1.0,1.0938856793707596,0.09388567937075964
ACC001372,2022-01-31,2.0,1.4516064326563982,0.5483935673436018
ACC001372,2022-02-28,1.0,1.1881026221193098,0.18810262211930984
ACC001388,2022-01-31,2.0,1.689401571517775,0.31059842848222496
ACC001388,2022-02-28,1.0,1.1680701770784514,0.1680701770784514
ACC001405,2022-06-30,6.0,3.729307329014493,2.270692670985507
ACC001423,2022-04-30,6.0,4.962723996013117,1.0372760039868831
ACC001423,2022-05-31,5.0,3.760657399994069,1.2393426000059309
ACC001423,2022-06-30,4.0,2.4912831887145277,1.5087168112854723
ACC001444,2022-06-30,6.0,5.167073427904468,0.8329265720955323
ACC001445,2022-01-31,5.0,5.49513108166076,0.4951310816607597
ACC001445,2022-02-28,4.0,4.574508439384277,0.5745084393842772
ACC001445,2022-03-31,3.0,3.3075514998906663,0.3075514998906663
ACC001445,2022-04-30,2.0,1.4447216825386402,0.5552783174613598
ACC001445,2022-05-31,1.0,1.1028851452999422,0.1028851452999422
ACC001449,2022-01-31,3.0,3.1606941352188525,0.16069413521885245
ACC001449,2022-02-28,2.0,2.1139741666843874,0.11397416668438742
ACC001449,2022-03-31,1.0,1.1272744104377341,0.12727441043773413
ACC001450,2022-01-31,5.0,4.686880476100502,0.3131195238994984
ACC001450,2022-02-28,4.0,3.654508041699199,0.3454919583008009
ACC001450,2022-03-31,3.0,2.170451406157345,0.829548593842655
ACC001450,2022-04-30,2.0,1.3013708006819298,0.6986291993180702
ACC001450,2022-05-31,1.0,1.1117310064709978,0.11173100647099776
ACC001463,2022-01-31,6.0,5.6072057576069305,0.3927942423930695
ACC001463,2022-02-28,5.0,4.983081576061836,0.016918423938164118
ACC001463,2022-03-31,4.0,3.5407336647834846,0.4592663352165154
ACC001463,2022-04-30,3.0,2.6381809821590196,0.36181901784098036
ACC001463,2022-05-31,2.0,2.0358370590965373,0.03583705909653734
ACC001463,2022-06-30,1.0,1.1314681332121064,0.13146813321210638
ACC001476,2022-02-28,6.0,2.0647808735415327,3.9352191264584673
ACC001476,2022-03-31,5.0,1.704695398478684,3.295304601521316
ACC001476,2022-04-30,4.0,1.3111633044607702,2.68883669553923
ACC001476,2022-05-31,3.0,1.157086044063523,1.842913955936477
ACC001476,2022-06-30,2.0,1.128194389395475,0.8718056106045251
ACC001479,2022-05-31,6.0,5.265004664706766,0.7349953352932337
ACC001479,2022-06-30,5.0,4.543554326507033,0.4564456734929667
ACC001481,2022-03-31,6.0,4.911767367287188,1.0882326327128116
ACC001481,2022-04-30,5.0,4.503333903486106,0.49666609651389404
ACC001481,2022-05-31,4.0,3.8110155378804804,0.18898446211951958
ACC001481,2022-06-30,3.0,2.7864460826139617,0.21355391738603835
ACC001482,2022-01-31,5.0,4.675052585664246,0.324947414335754
ACC001482,2022-02-28,4.0,3.5914574457974404,0.4085425542025596
ACC001482,2022-03-31,3.0,2.8493404845184487,0.15065951548155132
ACC001482,2022-04-30,2.0,1.8531745167222997,0.14682548327770029
ACC001482,2022-05-31,1.0,1.110822380002018,0.11082238000201805
ACC001489,2022-01-31,3.0,2.778727543243044,0.22127245675695617
ACC001489,2022-02-28,2.0,1.3925299696900675,0.6074700303099325
ACC001489,2022-03-31,1.0,1.0853198031522973,0.08531980315229726
ACC001489,2022-06-30,1.0,1.2044374470063903,0.20443744700639033
ACC001502,2022-03-31,6.0,5.379296851772289,0.6207031482277108
ACC001502,2022-04-30,5.0,5.243833133308181,0.2438331333081809
ACC001502,2022-05-31,4.0,3.660109006402478,0.33989099359752206
ACC001502,2022-06-30,3.0,2.438252987773429,0.5617470122265709
ACC001508,2022-01-31,3.0,2.733484590816829,0.26651540918317096
ACC001508,2022-02-28,2.0,1.7874963830146031,0.21250361698539688
ACC001508,2022-03-31,1.0,1.153283424204712,0.15328342420471208
ACC001532,2022-01-31,6.0,4.953133578678255,1.0468664213217451
ACC001532,2022-02-28,5.0,4.419492206250066,0.5805077937499341
ACC001532,2022-03-31,4.0,3.07658494025493,0.9234150597450701
ACC001532,2022-04-30,3.0,1.5118452318554514,1.4881547681445486
ACC001532,2022-05-31,2.0,1.2423627808279665,0.7576372191720335
ACC001532,2022-06-30,1.0,1.136595835647296,0.13659583564729605
ACC001542,2022-02-28,6.0,5.21471000681828,0.7852899931817197
ACC001542,2022-03-31,5.0,3.95360797050655,1.04639202949345
ACC001542,2022-04-30,4.0,2.878974168045085,1.1210258319549151
ACC001542,2022-05-31,3.0,1.9286211424457849,1.0713788575542151
ACC001542,2022-06-30,2.0,1.1434523737720519,0.8565476262279481
ACC001551,2022-02-28,6.0,5.1232693401997285,0.8767306598002715
ACC001551,2022-03-31,5.0,4.250438442267291,0.7495615577327088
ACC001551,2022-04-30,4.0,3.403986354528468,0.5960136454715319
ACC001551,2022-05-31,3.0,2.957906447491137,0.04209355250886304
ACC001551,2022-06-30,2.0,1.5620231029455804,0.43797689705441956
ACC001579,2022-01-31,5.0,4.6445069677752215,0.35549303222477846
ACC001579,2022-02-28,4.0,3.5252808942788763,0.47471910572112375
ACC001579,2022-03-31,3.0,2.369389164646519,0.630610835353481
ACC001579,2022-04-30,2.0,1.4903589268491277,0.5096410731508723
ACC001579,2022-05-31,1.0,1.0705867361316073,0.07058673613160726
ACC001588,2022-06-30,6.0,5.437651228085858,0.5623487719141416
ACC001616,2022-01-31,6.0,5.578455450194306,0.4215445498056942
ACC001616,2022-02-28,5.0,4.492249481899624,0.5077505181003756
ACC001616,2022-03-31,4.0,4.110251041466227,0.11025104146622677
ACC001616,2022-04-30,3.0,2.707792848520563,0.2922071514794369
ACC001616,2022-05-31,2.0,1.260532982937294,0.739467017062706
ACC001616,2022-06-30,1.0,1.1333208741293395,0.13332087412933946
ACC001621,2022-01-31,2.0,1.8766791240276832,0.12332087597231678
ACC001621,2022-02-28,1.0,1.086477309743553,0.08647730974355294
ACC001621,2022-05-31,1.0,1.1096635883193304,0.10966358831933043
ACC001627,2022-03-31,6.0,5.414171261092507,0.5858287389074928
ACC001627,2022-04-30,5.0,4.939651502848915,0.060348497151085034
ACC001627,2022-05-31,4.0,3.8054959146185197,0.19450408538148034
ACC001627,2022-06-30,3.0,3.1506490342424667,0.15064903424246667
ACC001632,2022-06-30,6.0,4.867558293875359,1.1324417061246406
ACC001633,2022-01-31,2.0,1.9778903825276097,0.022109617472390264
ACC001633,2022-02-28,1.0,1.1637984842749858,0.16379848427498578
ACC001640,2022-03-31,6.0,5.692615577030225,0.30738442296977464
ACC001640,2022-04-30,5.0,5.125389586383337,0.12538958638333675
ACC001640,2022-05-31,4.0,3.6566159615373257,0.3433840384626743
ACC001640,2022-06-30,3.0,3.5199129775165794,0.5199129775165794
ACC001658,2022-04-30,6.0,3.954971646280654,2.045028353719346
ACC001658,2022-05-31,5.0,2.943147264032397,2.056852735967603
ACC001658,2022-06-30,4.0,1.967433501313534,2.032566498686466
ACC001660,2022-04-30,6.0,4.5982452947479135,1.4017547052520865
ACC001660,2022-05-31,5.0,3.883999804072207,1.1160001959277932
ACC001660,2022-06-30,4.0,1.5889688634607142,2.411031136539286
ACC001662,2022-01-31,3.0,2.5685333099584695,0.4314666900415305
ACC001662,2022-02-28,2.0,1.6257169387448198,0.3742830612551802
ACC001662,2022-03-31,1.0,1.1036145461244875,0.1036145461244875
ACC001662,2022-05-31,1.0,1.1447196618170616,0.14471966181706164
ACC001663,2022-01-31,2.0,1.0931125234481305,0.9068874765518695
ACC001663,2022-02-28,1.0,1.1051048783334352,0.10510487833343518
ACC001664,2022-05-31,6.0,3.6423870935271365,2.3576129064728635
ACC001664,2022-06-30,5.0,3.046433335575101,1.953566664424899
ACC001666,2022-01-31,6.0,5.464044622060784,0.5359553779392163
ACC001666,2022-02-28,5.0,4.696006273186384,0.3039937268136157
ACC001666,2022-03-31,4.0,3.2521074192362285,0.7478925807637715
ACC001666,2022-04-30,3.0,2.5435072968116703,0.4564927031883297
ACC001666,2022-05-31,2.0,1.3625412124101366,0.6374587875898634
ACC001666,2022-06-30,1.0,1.1422963988718438,0.14229639887184375
ACC001675,2022-01-31,4.0,4.670927086265949,0.6709270862659489
ACC001675,2022-02-28,3.0,3.519272938535607,0.519272938535607
ACC001675,2022-03-31,2.0,2.785211873633945,0.7852118736339451
ACC001675,2022-04-30,1.0,2.4778733562270157,1.4778733562270157
ACC001689,2022-03-31,1.0,1.2110349459959744,0.2110349459959744
ACC001706,2022-05-31,6.0,3.535671432195117,2.464328567804883
ACC001706,2022-06-30,5.0,3.279812577147611,1.7201874228523888
ACC001708,2022-01-31,3.0,3.377677238863632,0.3776772388636318
ACC001708,2022-02-28,2.0,2.098630189761399,0.09863018976139903
ACC001708,2022-03-31,1.0,1.2207016123250904,0.22070161232509045
ACC001724,2022-01-31,6.0,5.629951221486256,0.37004877851374385
ACC001724,2022-02-28,5.0,4.726892450379963,0.273107549620037
ACC001724,2022-03-31,4.0,3.8012082570199,0.19879174298010005
ACC001724,2022-04-30,3.0,2.4776111385433013,0.5223888614566987
ACC001724,2022-05-31,2.0,1.1790606288389753,0.8209393711610247
ACC001724,2022-06-30,1.0,1.101073115971122,0.10107311597112201
ACC001749,2022-03-31,6.0,4.52808687066419,1.4719131293358103
ACC001749,2022-04-30,5.0,4.320634110028498,0.6793658899715016
ACC001749,2022-05-31,4.0,2.9364444916630776,1.0635555083369224
ACC001749,2022-06-30,3.0,1.4638146912369367,1.5361853087630633
ACC001752,2022-01-31,5.0,4.073686280456274,0.9263137195437263
ACC001752,2022-02-28,4.0,4.229404283545477,0.2294042835454766
ACC001752,2022-03-31,3.0,3.5564226037431554,0.5564226037431554
ACC001752,2022-04-30,2.0,2.298906493816886,0.29890649381688617
ACC001752,2022-05-31,1.0,1.4149532274846102,0.41495322748461017
ACC001784,2022-04-30,6.0,5.679838000955711,0.32016199904428877
ACC001784,2022-05-31,5.0,4.425111380089177,0.5748886199108227
ACC001784,2022-06-30,4.0,3.2542720853980662,0.7457279146019338
ACC001785,2022-01-31,3.0,3.5040608676882967,0.5040608676882967
ACC001785,2022-02-28,2.0,2.664139603063316,0.6641396030633162
ACC001785,2022-03-31,1.0,1.9881996514961515,0.9881996514961515
ACC001816,2022-03-31,1.0,1.1331343419899278,0.1331343419899278
ACC001817,2022-01-31,2.0,1.1956530441296158,0.8043469558703842
ACC001817,2022-02-28,1.0,2.05694374577224,1.05694374577224
ACC001826,2022-01-31,1.0,1.38625704756215,0.38625704756215007
ACC001827,2022-01-31,4.0,3.4372139323889073,0.5627860676110927
ACC001827,2022-02-28,3.0,2.439398561188678,0.5606014388113221
ACC001827,2022-03-31,2.0,1.2000186506705315,0.7999813493294685
ACC001827,2022-04-30,1.0,1.1116732561008755,0.11167325610087553
ACC001849,2022-03-31,6.0,5.1285253265771225,0.8714746734228775
ACC001849,2022-04-30,5.0,3.560688018907031,1.439311981092969
ACC001849,2022-05-31,4.0,3.119115045897646,0.880884954102354
ACC001849,2022-06-30,3.0,1.4269649281677785,1.5730350718322215
ACC001857,2022-01-31,3.0,2.7836955883447376,0.21630441165526237
ACC001857,2022-02-28,2.0,1.3786097522646201,0.6213902477353799
ACC001857,2022-03-31,1.0,1.1406841276896706,0.14068412768967065
ACC001877,2022-05-31,6.0,4.4978561256065674,1.5021438743934326
ACC001877,2022-06-30,5.0,3.576337450429975,1.4236625495700248
ACC001878,2022-01-31,6.0,5.373132604674054,0.626867395325946
ACC001878,2022-02-28,5.0,4.493400885794136,0.5065991142058639
ACC001878,2022-03-31,4.0,3.783079881634581,0.2169201183654188
ACC001878,2022-04-30,3.0,3.0026128976648234,0.0026128976648234215
ACC001878,2022-05-31,2.0,1.614854726371638,0.38514527362836204
ACC001878,2022-06-30,1.0,1.1331342260211628,0.13313422602116276
ACC001881,2022-01-31,1.0,2.415646532204438,1.415646532204438
ACC001881,2022-04-30,1.0,1.2596225795726372,0.25962257957263724
ACC001883,2022-01-31,1.0,1.8778968124091007,0.8778968124091007
ACC001903,2022-03-31,6.0,5.466642165225695,0.5333578347743053
ACC001903,2022-04-30,5.0,4.066221292669535,0.9337787073304646
ACC001903,2022-05-31,4.0,2.712150251892266,1.287849748107734
ACC001903,2022-06-30,3.0,1.8388743618805135,1.1611256381194865
ACC001923,2022-02-28,6.0,5.856502175033506,0.14349782496649421
ACC001923,2022-03-31,5.0,5.030810694381039,0.030810694381038672
ACC001923,2022-04-30,4.0,3.868784774931634,0.1312152250683658
ACC001923,2022-05-31,3.0,1.8112218588673838,1.1887781411326162
ACC001923,2022-06-30,2.0,1.2089198852181193,0.7910801147818807
ACC001949,2022-01-31,3.0,2.643306558296997,0.356693441703003
ACC001949,2022-02-28,2.0,1.1637705780372498,0.8362294219627502
ACC001949,2022-03-31,1.0,1.1203520293014102,0.1203520293014102
ACC001965,2022-03-31,6.0,5.607696942573239,0.3923030574267612
ACC001965,2022-04-30,5.0,4.175446571411187,0.8245534285888132
ACC001965,2022-05-31,4.0,3.274214255957268,0.725785744042732
ACC001965,2022-06-30,3.0,2.083991618204959,0.9160083817950411
ACC001968,2022-02-28,6.0,5.077770612006081,0.9222293879939194
ACC001968,2022-03-31,5.0,4.177912238886622,0.8220877611133783
ACC001968,2022-04-30,4.0,3.04560151591285,0.9543984840871498
ACC001968,2022-05-31,3.0,1.9110454368645025,1.0889545631354975
ACC001968,2022-06-30,2.0,1.1138165484904319,0.8861834515095681
ACC001975,2022-02-28,1.0,2.010199295612232,1.010199295612232
ACC001999,2022-01-31,4.0,4.565513567201657,0.5655135672016574
ACC001999,2022-02-28,3.0,2.3995099203108357,0.6004900796891643
ACC001999,2022-03-31,2.0,1.2757301196353106,0.7242698803646894
ACC001999,2022-04-30,1.0,1.135370379982385,0.1353703799823851
ACC002013,2022-02-28,1.0,1.5502128441555987,0.5502128441555987
ACC002023,2022-03-31,6.0,5.687386495140039,0.31261350485996076
ACC002023,2022-04-30,5.0,4.52660216764951,0.47339783235049016
ACC002023,2022-05-31,4.0,3.791482942978657,0.20851705702134282
ACC002023,2022-06-30,3.0,2.3268591325346337,0.6731408674653663
ACC002025,2022-03-31,6.0,5.154892633725482,0.8451073662745179
ACC002025,2022-04-30,5.0,4.519721909210272,0.48027809078972794
ACC002025,2022-05-31,4.0,3.08773276450465,0.9122672354953498
ACC002025,2022-06-30,3.0,2.3724116556111747,0.6275883443888253
ACC002030,2022-02-28,6.0,4.723635361533916,1.2763646384660836
ACC002030,2022-03-31,5.0,3.97210574052938,1.02789425947062
ACC002030,2022-04-30,4.0,3.6794158754222166,0.3205841245777834
ACC002030,2022-05-31,3.0,2.2989356163422285,0.7010643836577715
ACC002030,2022-06-30,2.0,1.4468710514268275,0.5531289485731725
ACC002031,2022-04-30,6.0,4.8931704955154025,1.1068295044845975
ACC002031,2022-05-31,5.0,4.837677153944619,0.16232284605538094
ACC002031,2022-06-30,4.0,3.9230056849362396,0.07699431506376042
ACC002032,2022-05-31,6.0,4.277432270211018,1.7225677297889819
ACC002032,2022-06-30,5.0,3.6717083244042064,1.3282916755957936
ACC002041,2022-02-28,6.0,5.160029966122308,0.8399700338776919
ACC002041,2022-03-31,5.0,4.2873169054969695,0.7126830945030305
ACC002041,2022-04-30,4.0,2.9654695858168076,1.0345304141831924
ACC002041,2022-05-31,3.0,1.9089476177069085,1.0910523822930915
ACC002041,2022-06-30,2.0,1.164231667387875,0.835768332612125
ACC002052,2022-01-31,3.0,3.8995399129334043,0.8995399129334043
ACC002052,2022-02-28,2.0,1.6957863017367565,0.3042136982632435
ACC002052,2022-03-31,1.0,1.3967438306541915,0.3967438306541915
ACC002052,2022-06-30,1.0,1.173201838064828,0.17320183806482792
ACC002058,2022-06-30,6.0,4.882814093535025,1.1171859064649752
ACC002066,2022-04-30,6.0,4.244141882661364,1.7558581173386356
ACC002066,2022-05-31,5.0,3.793213666054441,1.206786333945559
ACC002066,2022-06-30,4.0,1.7242320022584445,2.2757679977415552
ACC002069,2022-01-31,2.0,1.9598121338240166,0.040187866175983356
ACC002069,2022-02-28,1.0,1.176070485014558,0.17607048501455802
ACC002084,2022-03-31,6.0,4.324549551523748,1.6754504484762522
ACC002084,2022-04-30,5.0,3.2668022012648135,1.7331977987351865
ACC002084,2022-05-31,4.0,2.6633120270320783,1.3366879729679217
ACC002084,2022-06-30,3.0,1.4240033605953082,1.5759966394046918
ACC002085,2022-01-31,6.0,5.853800950325439,0.14619904967456065
ACC002085,2022-02-28,5.0,4.439138410489786,0.560861589510214
ACC002085,2022-03-31,4.0,3.175586590235566,0.8244134097644338
ACC002085,2022-04-30,3.0,2.168430835670908,0.8315691643290921
ACC002085,2022-05-31,2.0,1.6640770222123071,0.33592297778769287
ACC002085,2022-06-30,1.0,1.1003706283334833,0.10037062833348331
ACC002093,2022-01-31,3.0,3.1894334007665965,0.18943340076659654
ACC002093,2022-02-28,2.0,1.4067178681439576,0.5932821318560424
ACC002093,2022-03-31,1.0,1.189368174046422,0.18936817404642192
ACC002111,2022-01-31,2.0,1.2341107635914659,0.7658892364085341
ACC002111,2022-02-28,1.0,1.1459168129375912,0.14591681293759118
ACC002111,2022-04-30,1.0,1.0856845323262734,0.08568453232627338
ACC002140,2022-01-31,1.0,1.1360760939315915,0.13607609393159148
ACC002148,2022-01-31,1.0,1.2480890072686868,0.24808900726868677
ACC002163,2022-05-31,6.0,3.6596870271656057,2.3403129728343943
ACC002163,2022-06-30,5.0,3.2197892227803395,1.7802107772196605
ACC002171,2022-06-30,6.0,4.762347639189965,1.237652360810035
ACC002175,2022-02-28,6.0,5.301224854601998,0.6987751453980016
ACC002175,2022-03-31,5.0,4.832226357525476,0.16777364247452375
ACC002175,2022-04-30,4.0,2.403681479936245,1.5963185200637549
ACC002175,2022-05-31,3.0,1.3394877807153425,1.6605122192846575
ACC002175,2022-06-30,2.0,1.2552667428527033,0.7447332571472967
ACC002180,2022-01-31,5.0,3.8795017346400034,1.1204982653599966
ACC002180,2022-02-28,4.0,3.5853570618817843,0.41464293811821573
ACC002180,2022-03-31,3.0,3.4942648446568665,0.4942648446568665
ACC002180,2022-04-30,2.0,1.20368756156875,0.7963124384312501
ACC002180,2022-05-31,1.0,1.1324543139399676,0.13245431393996765
ACC002190,2022-01-31,1.0,1.6992298225226719,0.6992298225226719
ACC002197,2022-04-30,6.0,4.736163987732755,1.2638360122672454
ACC002197,2022-05-31,5.0,3.9414177760534597,1.0585822239465403
ACC002197,2022-06-30,4.0,3.0240131021519154,0.9759868978480846
ACC002213,2022-05-31,6.0,5.285675968248825,0.7143240317511754
ACC002213,2022-06-30,5.0,4.2509292075988885,0.7490707924011115
ACC002214,2022-01-31,5.0,4.027104921867567,0.9728950781324333
ACC002214,2022-02-28,4.0,3.2675771833374743,0.7324228166625257
ACC002214,2022-03-31,3.0,1.8618242074694742,1.1381757925305258
ACC002214,2022-04-30,2.0,1.5468337635786646,0.45316623642133536
ACC002214,2022-05-31,1.0,1.1338607968758487,0.13386079687584873
ACC002237,2022-02-28,6.0,5.754134858785296,0.24586514121470415
ACC002237,2022-03-31,5.0,4.830795726974252,0.16920427302574836
ACC002237,2022-04-30,4.0,2.854388219458,1.145611780542
ACC002237,2022-05-31,3.0,1.851029961537275,1.148970038462725
ACC002237,2022-06-30,2.0,1.1162652321055508,0.8837347678944492
ACC002243,2022-01-31,1.0,1.2423819420607602,0.24238194206076025
ACC002272,2022-06-30,6.0,5.444287303989792,0.5557126960102083
ACC002277,2022-06-30,6.0,4.3772170002410045,1.6227829997589955
ACC002280,2022-01-31,4.0,4.002354216474975,0.002354216474975246
ACC002280,2022-02-28,3.0,3.140906817857156,0.14090681785715597
ACC002280,2022-03-31,2.0,1.6651622045065,0.3348377954935
ACC002280,2022-04-30,1.0,1.1849681376043386,0.1849681376043386
ACC002294,2022-01-31,6.0,5.882866403697987,0.11713359630201303
ACC002294,2022-02-28,5.0,5.098044285620579,0.09804428562057943
ACC002294,2022-03-31,4.0,4.008458988233784,0.00845898823378377
ACC002294,2022-04-30,3.0,2.855373490711501,0.14462650928849907
ACC002294,2022-05-31,2.0,2.3922266995905743,0.3922266995905743
ACC002294,2022-06-30,1.0,1.4185501500762698,0.41855015007626983
ACC002304,2022-01-31,1.0,1.5845017014400073,0.5845017014400073
ACC002310,2022-03-31,6.0,5.954032312026043,0.045967687973957005
ACC002310,2022-04-30,5.0,5.056971031428213,0.056971031428212804
ACC002310,2022-05-31,4.0,3.697638671778385,0.3023613282216151
ACC002310,2022-06-30,3.0,2.3505918633342153,0.6494081366657847
ACC002312,2022-01-31,4.0,2.155093247123278,1.8449067528767218
ACC002312,2022-02-28,3.0,2.3773474375143144,0.6226525624856856
ACC002312,2022-03-31,2.0,1.565911514676184,0.43408848532381605
ACC002312,2022-04-30,1.0,1.1227769337871785,0.12277693378717847
ACC002329,2022-01-31,2.0,1.183895862666308,0.8161041373336919
ACC002329,2022-02-28,1.0,1.1510594731827821,0.15105947318278212
ACC002329,2022-05-31,1.0,1.4031096690990361,0.4031096690990361
ACC002336,2022-01-31,6.0,5.372741332737129,0.627258667262871
ACC002336,2022-02-28,5.0,4.574886037695489,0.42511396230451126
ACC002336,2022-03-31,4.0,3.913114723181001,0.08688527681899894
ACC002336,2022-04-30,3.0,2.513028972338326,0.4869710276616739
ACC002336,2022-05-31,2.0,1.1320010094867636,0.8679989905132364
ACC002336,2022-06-30,1.0,1.134048088696379,0.13404808869637908
ACC002338,2022-06-30,6.0,3.894735795358269,2.105264204641731
ACC002340,2022-03-31,6.0,4.587998653991081,1.4120013460089194
ACC002340,2022-04-30,5.0,3.8051424864077563,1.1948575135922437
ACC002340,2022-05-31,4.0,2.9292078299652506,1.0707921700347494
ACC002340,2022-06-30,3.0,2.780032150045486,0.2199678499545139
ACC002346,2022-03-31,6.0,4.477268861947682,1.5227311380523183
ACC002346,2022-04-30,5.0,3.611922116179234,1.388077883820766
ACC002346,2022-05-31,4.0,3.248707091846169,0.7512929081538311
ACC002346,2022-06-30,3.0,2.4117295139444392,0.5882704860555608
ACC002351,2022-01-31,4.0,4.212609750116364,0.21260975011636418
ACC002351,2022-02-28,3.0,2.9232807009648187,0.07671929903518127
ACC002351,2022-03-31,2.0,1.402273306161495,0.5977266938385051
ACC002351,2022-04-30,1.0,1.1150736964870147,0.11507369648701471
ACC002354,2022-01-31,4.0,3.6655184079661316,0.3344815920338684
ACC002354,2022-02-28,3.0,2.8756705221902394,0.12432947780976056
ACC002354,2022-03-31,2.0,1.7185559386416762,0.2814440613583238
ACC002354,2022-04-30,1.0,1.168449060521042,0.16844906052104203
ACC002359,2022-04-30,6.0,3.7914687927650497,2.2085312072349503
ACC002359,2022-05-31,5.0,2.4076641535792715,2.5923358464207285
ACC002359,2022-06-30,4.0,1.7251816865459362,2.274818313454064
ACC002360,2022-01-31,2.0,1.1571406089060694,0.8428593910939306
ACC002360,2022-02-28,1.0,1.2257199483330266,0.22571994833302655
ACC002365,2022-02-28,6.0,5.1646828925462716,0.8353171074537284
ACC002365,2022-03-31,5.0,4.2094758739081914,0.7905241260918086
ACC002365,2022-04-30,4.0,2.949689604547504,1.0503103954524962
ACC002365,2022-05-31,3.0,1.8323317242593302,1.1676682757406698
ACC002365,2022-06-30,2.0,1.1517324978554035,0.8482675021445965
ACC002393,2022-06-30,6.0,3.53456390210192,2.46543609789808
ACC002414,2022-03-31,6.0,4.221612844177616,1.7783871558223838
ACC002414,2022-04-30,5.0,1.8523101184648676,3.1476898815351326
ACC002414,2022-05-31,4.0,1.6341916038370645,2.3658083961629357
ACC002414,2022-06-30,3.0,1.365025116431222,1.634974883568778
ACC002419,2022-04-30,6.0,5.368190740887178,0.6318092591128224
ACC002419,2022-05-31,5.0,5.263320074058386,0.2633200740583863
ACC002419,2022-06-30,4.0,4.571221489055997,0.571221489055997
ACC002422,2022-04-30,6.0,4.272742678395875,1.7272573216041254
ACC002422,2022-05-31,5.0,3.525647213080214,1.4743527869197859
ACC002422,2022-06-30,4.0,2.5191404444838836,1.4808595555161164
ACC002426,2022-01-31,2.0,2.049230351721472,0.049230351721472054
ACC002426,2022-02-28,1.0,1.1363597783641772,0.13635977836417723
ACC002436,2022-06-30,6.0,5.5807104348138665,0.4192895651861335
ACC002444,2022-05-31,6.0,3.530487078464252,2.469512921535748
ACC002444,2022-06-30,5.0,1.6008293209843096,3.3991706790156906
ACC002446,2022-04-30,1.0,1.5648652049092442,0.5648652049092442
ACC002462,2022-01-31,4.0,3.675656583413217,0.3243434165867831
ACC002462,2022-02-28,3.0,2.9122412524237036,0.08775874757629643
ACC002462,2022-03-31,2.0,1.8586713798412346,0.14132862015876535
ACC002462,2022-04-30,1.0,1.071943864657825,0.07194386465782499
ACC002464,2022-01-31,2.0,1.8927620560613265,0.10723794393867347
ACC002464,2022-02-28,1.0,1.3550249371319796,0.3550249371319796
ACC002464,2022-05-31,1.0,1.5005329491417456,0.5005329491417456
ACC002480,2022-01-31,3.0,2.392014129147578,0.607985870852422
ACC002480,2022-02-28,2.0,1.2017726243704285,0.7982273756295715
ACC002480,2022-03-31,1.0,1.0996299677002646,0.09962996770026455
ACC002480,2022-05-31,1.0,1.1147926093548097,0.11479260935480973
